name, email, year, month, day
Isaac, eugenebaraka@gmail.com, 2000, 10, 16
Ange, eugenebaraka@gmail.com, 1982, 2, 27
Isaac, eugenebaraka@gmail.com, 1982, 4, 24
Frank, eugenebaraka@gmail.com, 1986, 6, 8
Adam, eugenebaraka@gmail.com, 1972, 5, 9
Eve, eugenebaraka@gmail.com, 1983, 9, 3
Bob, eugenebaraka@gmail.com, 1982, 5, 11
Isaac, eugenebaraka@gmail.com, 1973, 12, 21
Eve, eugenebaraka@gmail.com, 1982, 7, 6
Alice, eugenebaraka@gmail.com, 2004, 10, 16
Hannah, eugenebaraka@gmail.com, 1974, 4, 20
Bobby, eugenebaraka@gmail.com, 1969, 5, 10
Jack, eugenebaraka@gmail.com, 1986, 2, 10
Ange, eugenebaraka@gmail.com, 1984, 3, 19
Ange, eugenebaraka@gmail.com, 2003, 4, 26
Muswati, eugenebaraka@gmail.com, 1970, 10, 6
Ange, eugenebaraka@gmail.com, 2003, 2, 14
Muswati, eugenebaraka@gmail.com, 1979, 9, 11
Eve, eugenebaraka@gmail.com, 1999, 4, 28
Charlie, eugenebaraka@gmail.com, 1966, 3, 9
Muswati, eugenebaraka@gmail.com, 1970, 9, 22
Jack, eugenebaraka@gmail.com, 1992, 11, 10
Jack, eugenebaraka@gmail.com, 1991, 12, 19
Muswati, eugenebaraka@gmail.com, 1983, 12, 24
Ange, eugenebaraka@gmail.com, 1989, 2, 10
Adam, eugenebaraka@gmail.com, 2002, 1, 11
Muswati, eugenebaraka@gmail.com, 1978, 11, 22
Grace, eugenebaraka@gmail.com, 1997, 10, 5
Grace, eugenebaraka@gmail.com, 1966, 9, 28
Isaac, eugenebaraka@gmail.com, 1988, 4, 26
Frank, eugenebaraka@gmail.com, 2002, 2, 2
Charlie, eugenebaraka@gmail.com, 1975, 7, 23
Eve, eugenebaraka@gmail.com, 1992, 7, 2
Ange, eugenebaraka@gmail.com, 1987, 1, 8
Charlie, eugenebaraka@gmail.com, 1982, 11, 10
Adam, eugenebaraka@gmail.com, 1990, 1, 7
David, eugenebaraka@gmail.com, 1994, 5, 10
Grace, eugenebaraka@gmail.com, 1996, 5, 14
Muswati, eugenebaraka@gmail.com, 1978, 3, 27
Eve, eugenebaraka@gmail.com, 1973, 7, 16
Muswati, eugenebaraka@gmail.com, 1967, 7, 9
Isaac, eugenebaraka@gmail.com, 1985, 5, 19
David, eugenebaraka@gmail.com, 1968, 7, 13
Bobby, eugenebaraka@gmail.com, 1987, 5, 17
Frank, eugenebaraka@gmail.com, 1977, 2, 28
David, eugenebaraka@gmail.com, 1987, 7, 4
Isaac, eugenebaraka@gmail.com, 1970, 2, 3
Muswati, eugenebaraka@gmail.com, 1971, 6, 9
Ange, eugenebaraka@gmail.com, 1978, 3, 20
Adam, eugenebaraka@gmail.com, 1970, 10, 20
Alice, eugenebaraka@gmail.com, 2000, 3, 2
Ange, eugenebaraka@gmail.com, 1994, 3, 16
Bob, eugenebaraka@gmail.com, 1991, 6, 6
Bobby, eugenebaraka@gmail.com, 1968, 4, 14
Charlie, eugenebaraka@gmail.com, 1994, 5, 8
Alice, eugenebaraka@gmail.com, 2002, 5, 1
Ange, eugenebaraka@gmail.com, 1982, 2, 18
Muswati, eugenebaraka@gmail.com, 2004, 3, 14
Charlie, eugenebaraka@gmail.com, 1977, 3, 21
Jack, eugenebaraka@gmail.com, 1973, 1, 16
Hannah, eugenebaraka@gmail.com, 1978, 5, 23
Ange, eugenebaraka@gmail.com, 1997, 8, 13
Bob, eugenebaraka@gmail.com, 1990, 4, 6
Ange, eugenebaraka@gmail.com, 1985, 12, 22
Bob, eugenebaraka@gmail.com, 2001, 1, 20
Jack, eugenebaraka@gmail.com, 1967, 12, 14
Eve, eugenebaraka@gmail.com, 1969, 10, 6
Muswati, eugenebaraka@gmail.com, 1973, 1, 6
Bob, eugenebaraka@gmail.com, 2004, 7, 2
Hannah, eugenebaraka@gmail.com, 1981, 12, 4
Charlie, eugenebaraka@gmail.com, 2004, 7, 22
Eve, eugenebaraka@gmail.com, 2004, 3, 12
Hannah, eugenebaraka@gmail.com, 1991, 1, 25
David, eugenebaraka@gmail.com, 1997, 9, 12
Jack, eugenebaraka@gmail.com, 1972, 3, 26
Ange, eugenebaraka@gmail.com, 1995, 9, 16
Eve, eugenebaraka@gmail.com, 1975, 7, 12
Muswati, eugenebaraka@gmail.com, 1998, 6, 14
Frank, eugenebaraka@gmail.com, 2003, 4, 14
Ange, eugenebaraka@gmail.com, 1998, 1, 27
Bob, eugenebaraka@gmail.com, 1992, 11, 19
Ange, eugenebaraka@gmail.com, 1977, 12, 15
Bobby, eugenebaraka@gmail.com, 1990, 7, 17
David, eugenebaraka@gmail.com, 1977, 4, 21
Charlie, eugenebaraka@gmail.com, 2002, 7, 27
Muswati, eugenebaraka@gmail.com, 1998, 10, 17
Frank, eugenebaraka@gmail.com, 1974, 1, 14
Charlie, eugenebaraka@gmail.com, 1971, 10, 17
Alice, eugenebaraka@gmail.com, 1992, 9, 24
Grace, eugenebaraka@gmail.com, 1980, 1, 10
Adam, eugenebaraka@gmail.com, 1978, 6, 23
Muswati, eugenebaraka@gmail.com, 1997, 9, 20
Adam, eugenebaraka@gmail.com, 1992, 8, 5
Charlie, eugenebaraka@gmail.com, 1990, 4, 27
Charlie, eugenebaraka@gmail.com, 1970, 11, 19
Charlie, eugenebaraka@gmail.com, 1993, 4, 7
Frank, eugenebaraka@gmail.com, 1972, 3, 23
David, eugenebaraka@gmail.com, 1985, 10, 18
Alice, eugenebaraka@gmail.com, 1966, 4, 4
Frank, eugenebaraka@gmail.com, 1987, 4, 19
Jack, eugenebaraka@gmail.com, 1968, 5, 21
Isaac, eugenebaraka@gmail.com, 1999, 8, 19
Charlie, eugenebaraka@gmail.com, 1978, 8, 28
Hannah, eugenebaraka@gmail.com, 1966, 5, 26
Hannah, eugenebaraka@gmail.com, 1997, 2, 3
Charlie, eugenebaraka@gmail.com, 1972, 4, 14
Bobby, eugenebaraka@gmail.com, 1976, 5, 22
Adam, eugenebaraka@gmail.com, 1988, 5, 2
Alice, eugenebaraka@gmail.com, 1976, 4, 2
Adam, eugenebaraka@gmail.com, 2000, 2, 26
David, eugenebaraka@gmail.com, 2003, 4, 6
Ange, eugenebaraka@gmail.com, 1970, 2, 14
Frank, eugenebaraka@gmail.com, 1967, 10, 5
Charlie, eugenebaraka@gmail.com, 1980, 6, 16
Ange, eugenebaraka@gmail.com, 1990, 9, 17
Alice, eugenebaraka@gmail.com, 1987, 5, 8
Bobby, eugenebaraka@gmail.com, 1970, 8, 19
David, eugenebaraka@gmail.com, 1972, 2, 17
Alice, eugenebaraka@gmail.com, 1992, 12, 14
Charlie, eugenebaraka@gmail.com, 1991, 12, 26
Ange, eugenebaraka@gmail.com, 1981, 11, 24
Grace, eugenebaraka@gmail.com, 1986, 8, 5
Frank, eugenebaraka@gmail.com, 2002, 1, 6
Bobby, eugenebaraka@gmail.com, 1977, 2, 7
Eve, eugenebaraka@gmail.com, 1985, 8, 20
Grace, eugenebaraka@gmail.com, 1994, 4, 28
Bob, eugenebaraka@gmail.com, 2003, 2, 26
David, eugenebaraka@gmail.com, 1977, 9, 18
Isaac, eugenebaraka@gmail.com, 1994, 1, 6
Alice, eugenebaraka@gmail.com, 1991, 3, 25
Muswati, eugenebaraka@gmail.com, 1976, 9, 15
Muswati, eugenebaraka@gmail.com, 1972, 8, 19
Grace, eugenebaraka@gmail.com, 1973, 5, 10
Frank, eugenebaraka@gmail.com, 1991, 12, 11
David, eugenebaraka@gmail.com, 1992, 1, 7
Muswati, eugenebaraka@gmail.com, 1968, 3, 7
David, eugenebaraka@gmail.com, 1991, 11, 9
Muswati, eugenebaraka@gmail.com, 1988, 1, 22
Frank, eugenebaraka@gmail.com, 2001, 5, 28
Hannah, eugenebaraka@gmail.com, 1996, 11, 5
Charlie, eugenebaraka@gmail.com, 1998, 2, 14
Bobby, eugenebaraka@gmail.com, 1993, 3, 15
David, eugenebaraka@gmail.com, 1994, 11, 12
Alice, eugenebaraka@gmail.com, 1983, 11, 19
Bob, eugenebaraka@gmail.com, 1971, 4, 5
David, eugenebaraka@gmail.com, 1976, 12, 20
Bob, eugenebaraka@gmail.com, 1998, 11, 7
Jack, eugenebaraka@gmail.com, 1989, 6, 13
Ange, eugenebaraka@gmail.com, 1966, 12, 20
Bob, eugenebaraka@gmail.com, 1978, 1, 28
Jack, eugenebaraka@gmail.com, 1965, 2, 6
Isaac, eugenebaraka@gmail.com, 1980, 9, 26
Adam, eugenebaraka@gmail.com, 1989, 10, 7
David, eugenebaraka@gmail.com, 1980, 11, 5
Eve, eugenebaraka@gmail.com, 1973, 11, 8
Frank, eugenebaraka@gmail.com, 1978, 10, 5
Charlie, eugenebaraka@gmail.com, 1985, 5, 16
Hannah, eugenebaraka@gmail.com, 1991, 7, 25
Frank, eugenebaraka@gmail.com, 1992, 7, 28
Muswati, eugenebaraka@gmail.com, 1989, 5, 21
Bob, eugenebaraka@gmail.com, 1981, 6, 15
Muswati, eugenebaraka@gmail.com, 1973, 4, 22
Frank, eugenebaraka@gmail.com, 1979, 2, 7
Adam, eugenebaraka@gmail.com, 1989, 12, 19
Grace, eugenebaraka@gmail.com, 1996, 1, 22
Bobby, eugenebaraka@gmail.com, 1972, 10, 25
Grace, eugenebaraka@gmail.com, 1976, 10, 22
Jack, eugenebaraka@gmail.com, 1969, 5, 6
Bob, eugenebaraka@gmail.com, 1975, 8, 25
Alice, eugenebaraka@gmail.com, 1979, 2, 15
Frank, eugenebaraka@gmail.com, 2000, 3, 17
Bobby, eugenebaraka@gmail.com, 1981, 8, 24
Bobby, eugenebaraka@gmail.com, 2001, 1, 5
Eve, eugenebaraka@gmail.com, 2001, 10, 19
Ange, eugenebaraka@gmail.com, 1993, 5, 28
Bobby, eugenebaraka@gmail.com, 1988, 6, 17
Isaac, eugenebaraka@gmail.com, 1980, 9, 4
Frank, eugenebaraka@gmail.com, 1992, 9, 14
Bobby, eugenebaraka@gmail.com, 1992, 6, 14
Adam, eugenebaraka@gmail.com, 1978, 9, 9
Bob, eugenebaraka@gmail.com, 1989, 5, 28
Jack, eugenebaraka@gmail.com, 1977, 4, 4
Adam, eugenebaraka@gmail.com, 1987, 3, 19
Ange, eugenebaraka@gmail.com, 1975, 7, 13
Hannah, eugenebaraka@gmail.com, 1969, 8, 7
Isaac, eugenebaraka@gmail.com, 1999, 4, 28
Isaac, eugenebaraka@gmail.com, 1992, 5, 23
Adam, eugenebaraka@gmail.com, 1984, 1, 3
David, eugenebaraka@gmail.com, 1971, 5, 17
David, eugenebaraka@gmail.com, 1989, 2, 27
Jack, eugenebaraka@gmail.com, 1978, 6, 13
Bob, eugenebaraka@gmail.com, 1973, 11, 9
Bob, eugenebaraka@gmail.com, 1998, 8, 5
Charlie, eugenebaraka@gmail.com, 1991, 4, 8
Hannah, eugenebaraka@gmail.com, 1968, 10, 25
Eve, eugenebaraka@gmail.com, 1980, 6, 1
Hannah, eugenebaraka@gmail.com, 1974, 3, 6
Jack, eugenebaraka@gmail.com, 1992, 4, 9
Adam, eugenebaraka@gmail.com, 1982, 9, 12
Isaac, eugenebaraka@gmail.com, 1970, 11, 20
Adam, eugenebaraka@gmail.com, 1989, 5, 25
Jack, eugenebaraka@gmail.com, 1995, 3, 27
Bobby, eugenebaraka@gmail.com, 2000, 11, 20
Eve, eugenebaraka@gmail.com, 1988, 2, 28
Frank, eugenebaraka@gmail.com, 1996, 7, 17
